crate	file	lines	bytes	first_inline_test_module_line	note
better-auth	src/config.rs	10	633	-	-
better-auth	src/email.rs	3	128	-	-
better-auth	src/error.rs	3	126	-	-
better-auth	src/hooks.rs	5	190	-	-
better-auth	src/integrations/axum/handlers.rs	399	13573	-	-
better-auth	src/integrations/axum/mod.rs	5	139	-	-
better-auth	src/integrations/dispatch.rs	110	3965	-	-
better-auth	src/integrations/mod.rs	10	171	-	-
better-auth	src/integrations/poem.rs	239	8309	-	-
better-auth	src/lib.rs	73	2060	-	-
better-auth	src/middleware.rs	8	405	-	-
better-auth	src/plugin.rs	9	338	-	-
better-auth	src/plugins.rs	61	3734	-	-
better-auth	src/prelude.rs	16	1027	-	-
better-auth	src/runtime/body.rs	145	5691	-	-
better-auth	src/runtime/builder.rs	366	13974	-	-
better-auth	src/runtime/builtin.rs	47	1881	-	-
better-auth	src/runtime/endpoint.rs	186	7733	-	-
better-auth	src/runtime/http.rs	481	21034	-	-
better-auth	src/runtime/http_hooks.rs	254	10231	-	-
better-auth	src/runtime/mod.rs	179	6053	-	-
better-auth	src/runtime/routing.rs	17	602	-	-
better-auth	src/schema.rs	3	110	-	-
better-auth	src/seaorm.rs	12	529	-	-
better-auth	src/session.rs	36	1622	-	-
better-auth	src/sqlx.rs	14	708	-	-
better-auth	src/store.rs	12	508	-	-
better-auth	src/telemetry.rs	84	2598	-	-
better-auth	src/wire.rs	3	127	-	-
better-auth-api	crates/api/src/lib.rs	44	1595	-	-
better-auth-api	crates/api/src/metadata/account_annotations.rs	94	5149	-	-
better-auth-api	crates/api/src/metadata/email_annotations.rs	33	2389	-	-
better-auth-api	crates/api/src/metadata/mod.rs	227	8746	-	-
better-auth-api	crates/api/src/metadata/model_annotations.rs	39	1488	-	-
better-auth-api	crates/api/src/metadata/oauth_annotations.rs	139	6692	-	-
better-auth-api	crates/api/src/metadata/password_annotations.rs	58	3536	-	-
better-auth-api	crates/api/src/metadata/session_annotations.rs	97	4471	-	-
better-auth-api	crates/api/src/metadata/sign_in_annotations.rs	42	3214	-	-
better-auth-api	crates/api/src/metadata/source_endpoints.rs	117	100801	-	-
better-auth-api	crates/api/src/metadata/source_models.rs	366	15737	-	-
better-auth-api	crates/api/src/metadata/user_annotations.rs	68	5714	-	-
better-auth-api	crates/api/src/plugins/access.rs	158	5143	-	-
better-auth-api	crates/api/src/plugins/account_management.rs	134	5115	-	-
better-auth-api	crates/api/src/plugins/admin/access.rs	119	3473	-	-
better-auth-api	crates/api/src/plugins/admin/callbacks.rs	98	3836	-	-
better-auth-api	crates/api/src/plugins/admin/handlers.rs	851	27760	-	-
better-auth-api	crates/api/src/plugins/admin/mod.rs	1344	51021	717	-
better-auth-api	crates/api/src/plugins/admin/types.rs	279	8766	-	-
better-auth-api	crates/api/src/plugins/admin/validation.rs	402	14000	-	-
better-auth-api	crates/api/src/plugins/anonymous.rs	553	22683	-	-
better-auth-api	crates/api/src/plugins/api_key/callbacks.rs	127	4870	-	-
better-auth-api	crates/api/src/plugins/api_key/cleanup.rs	93	3436	-	-
better-auth-api	crates/api/src/plugins/api_key/config.rs	223	8558	-	-
better-auth-api	crates/api/src/plugins/api_key/endpoint.rs	545	22907	-	-
better-auth-api	crates/api/src/plugins/api_key/handlers/metadata_sort.rs	306	10450	-	-
better-auth-api	crates/api/src/plugins/api_key/handlers.rs	667	25573	-	-
better-auth-api	crates/api/src/plugins/api_key/mod.rs	3904	153780	835	-
better-auth-api	crates/api/src/plugins/api_key/secondary_usage.rs	113	4848	-	-
better-auth-api	crates/api/src/plugins/api_key/storage.rs	584	20702	-	-
better-auth-api	crates/api/src/plugins/api_key/types.rs	462	18544	-	-
better-auth-api	crates/api/src/plugins/api_key/verification.rs	616	24016	-	-
better-auth-api	crates/api/src/plugins/authentication_helpers/fields.rs	119	3886	-	-
better-auth-api	crates/api/src/plugins/authentication_helpers/mod.rs	48	2097	-	-
better-auth-api	crates/api/src/plugins/authentication_helpers/notifications.rs	37	1512	-	-
better-auth-api	crates/api/src/plugins/authentication_helpers/sessions.rs	149	5574	-	-
better-auth-api	crates/api/src/plugins/authentication_helpers/validation.rs	268	9465	-	-
better-auth-api	crates/api/src/plugins/bearer.rs	246	8416	-	-
better-auth-api	crates/api/src/plugins/captcha.rs	527	18421	-	-
better-auth-api	crates/api/src/plugins/custom_session.rs	408	14911	240	-
better-auth-api	crates/api/src/plugins/device_authorization/http.rs	189	7356	-	-
better-auth-api	crates/api/src/plugins/device_authorization/issuance.rs	89	3472	-	-
better-auth-api	crates/api/src/plugins/device_authorization/mod.rs	1651	58638	660	-
better-auth-api	crates/api/src/plugins/device_authorization/redemption.rs	133	5142	-	-
better-auth-api	crates/api/src/plugins/device_authorization/types.rs	64	1628	-	-
better-auth-api	crates/api/src/plugins/email_otp/endpoint.rs	113	3571	-	-
better-auth-api	crates/api/src/plugins/email_otp/handlers.rs	759	27500	-	-
better-auth-api	crates/api/src/plugins/email_otp/helpers.rs	33	724	-	-
better-auth-api	crates/api/src/plugins/email_otp/mod.rs	2175	78711	364	-
better-auth-api	crates/api/src/plugins/email_otp/storage.rs	114	3776	-	-
better-auth-api	crates/api/src/plugins/email_otp/types.rs	183	4531	-	-
better-auth-api	crates/api/src/plugins/email_password/config.rs	92	3383	-	-
better-auth-api	crates/api/src/plugins/email_password/http.rs	309	11767	-	-
better-auth-api	crates/api/src/plugins/email_password/mod.rs	1101	41734	713	-
better-auth-api	crates/api/src/plugins/email_password/signin.rs	183	5849	-	-
better-auth-api	crates/api/src/plugins/email_password/signup.rs	136	4890	-	-
better-auth-api	crates/api/src/plugins/email_password/types.rs	142	5430	-	-
better-auth-api	crates/api/src/plugins/email_verification/handlers.rs	498	19066	-	-
better-auth-api	crates/api/src/plugins/email_verification/mod.rs	2129	85987	431	-
better-auth-api	crates/api/src/plugins/email_verification/token.rs	110	4084	-	-
better-auth-api	crates/api/src/plugins/email_verification/types.rs	40	1153	-	-
better-auth-api	crates/api/src/plugins/endpoint.rs	127	4430	-	-
better-auth-api	crates/api/src/plugins/haveibeenpwned.rs	346	11793	-	-
better-auth-api	crates/api/src/plugins/helpers/api_key_authorization.rs	134	4812	-	-
better-auth-api	crates/api/src/plugins/helpers/credentials.rs	42	1249	-	-
better-auth-api	crates/api/src/plugins/helpers/mod.rs	162	5881	-	-
better-auth-api	crates/api/src/plugins/helpers/sessions.rs	405	14647	-	-
better-auth-api	crates/api/src/plugins/jwt/callbacks.rs	96	3446	-	-
better-auth-api	crates/api/src/plugins/jwt/claims.rs	291	10650	-	-
better-auth-api	crates/api/src/plugins/jwt/config.rs	273	9536	-	-
better-auth-api	crates/api/src/plugins/jwt/crypto.rs	351	13605	-	-
better-auth-api	crates/api/src/plugins/jwt/endpoint.rs	330	12098	-	-
better-auth-api	crates/api/src/plugins/jwt/http.rs	121	4692	-	-
better-auth-api	crates/api/src/plugins/jwt/keyring.rs	251	10408	-	-
better-auth-api	crates/api/src/plugins/jwt/mod.rs	2275	87061	370	-
better-auth-api	crates/api/src/plugins/jwt/signing.rs	225	8851	-	-
better-auth-api	crates/api/src/plugins/jwt/verification.rs	121	4344	-	-
better-auth-api	crates/api/src/plugins/last_login_method.rs	420	16003	-	-
better-auth-api	crates/api/src/plugins/magic_link/mod.rs	997	36048	451	-
better-auth-api	crates/api/src/plugins/mod.rs	272	8364	69	-
better-auth-api	crates/api/src/plugins/multi_session/mod.rs	762	27482	427	-
better-auth-api	crates/api/src/plugins/oauth/account.rs	647	23276	-	-
better-auth-api	crates/api/src/plugins/oauth/account_cookie/mod.rs	105	3885	31	-
better-auth-api	crates/api/src/plugins/oauth/client_assertion.rs	252	10736	-	-
better-auth-api	crates/api/src/plugins/oauth/encryption/mod.rs	285	10692	246	-
better-auth-api	crates/api/src/plugins/oauth/handlers/authorization.rs	503	17702	-	-
better-auth-api	crates/api/src/plugins/oauth/handlers/cookies.rs	94	2931	-	-
better-auth-api	crates/api/src/plugins/oauth/handlers/http.rs	639	24567	-	-
better-auth-api	crates/api/src/plugins/oauth/handlers/identity.rs	603	23827	-	-
better-auth-api	crates/api/src/plugins/oauth/handlers/linking.rs	455	15512	-	-
better-auth-api	crates/api/src/plugins/oauth/handlers/mod.rs	365	13259	315	-
better-auth-api	crates/api/src/plugins/oauth/handlers/redirects.rs	107	3330	-	-
better-auth-api	crates/api/src/plugins/oauth/handlers/token_exchange.rs	562	20678	-	-
better-auth-api	crates/api/src/plugins/oauth/id_token.rs	438	15498	-	-
better-auth-api	crates/api/src/plugins/oauth/logout.rs	115	4110	-	-
better-auth-api	crates/api/src/plugins/oauth/mod.rs	248	9473	-	-
better-auth-api	crates/api/src/plugins/oauth/providers/apple.rs	220	8932	-	-
better-auth-api	crates/api/src/plugins/oauth/providers/atlassian.rs	185	7198	-	-
better-auth-api	crates/api/src/plugins/oauth/providers/cloudflare.rs	208	7976	-	-
better-auth-api	crates/api/src/plugins/oauth/providers/cognito.rs	312	12070	-	-
better-auth-api	crates/api/src/plugins/oauth/providers/discord.rs	109	4176	-	-
better-auth-api	crates/api/src/plugins/oauth/providers/dropbox.rs	216	8147	-	-
better-auth-api	crates/api/src/plugins/oauth/providers/facebook.rs	325	13004	-	-
better-auth-api	crates/api/src/plugins/oauth/providers/figma.rs	182	7000	-	-
better-auth-api	crates/api/src/plugins/oauth/providers/generic.rs	529	21296	-	-
better-auth-api	crates/api/src/plugins/oauth/providers/github.rs	192	6366	-	-
better-auth-api	crates/api/src/plugins/oauth/providers/gitlab.rs	114	4243	-	-
better-auth-api	crates/api/src/plugins/oauth/providers/google.rs	66	2684	-	-
better-auth-api	crates/api/src/plugins/oauth/providers/huggingface.rs	215	8216	-	-
better-auth-api	crates/api/src/plugins/oauth/providers/kakao.rs	229	8888	-	-
better-auth-api	crates/api/src/plugins/oauth/providers/kick.rs	192	7314	-	-
better-auth-api	crates/api/src/plugins/oauth/providers/line.rs	302	11624	-	-
better-auth-api	crates/api/src/plugins/oauth/providers/linear.rs	228	8517	-	-
better-auth-api	crates/api/src/plugins/oauth/providers/linkedin.rs	214	8242	-	-
better-auth-api	crates/api/src/plugins/oauth/providers/microsoft.rs	393	15285	-	-
better-auth-api	crates/api/src/plugins/oauth/providers/mod.rs	889	33213	684	-
better-auth-api	crates/api/src/plugins/oauth/providers/naver.rs	236	9324	-	-
better-auth-api	crates/api/src/plugins/oauth/providers/notion.rs	255	9938	-	-
better-auth-api	crates/api/src/plugins/oauth/providers/paybin.rs	268	10367	-	-
better-auth-api	crates/api/src/plugins/oauth/providers/paypal.rs	272	10416	-	-
better-auth-api	crates/api/src/plugins/oauth/providers/polar.rs	266	10172	-	-
better-auth-api	crates/api/src/plugins/oauth/providers/railway.rs	234	9257	-	-
better-auth-api	crates/api/src/plugins/oauth/providers/reddit.rs	270	10410	-	-
better-auth-api	crates/api/src/plugins/oauth/providers/remaining_profile.rs	578	22374	-	-
better-auth-api	crates/api/src/plugins/oauth/providers/roblox.rs	124	4874	-	-
better-auth-api	crates/api/src/plugins/oauth/providers/salesforce.rs	143	5704	-	-
better-auth-api	crates/api/src/plugins/oauth/providers/slack.rs	121	4795	-	-
better-auth-api	crates/api/src/plugins/oauth/providers/spotify.rs	120	4687	-	-
better-auth-api	crates/api/src/plugins/oauth/providers/tiktok.rs	174	6833	-	-
better-auth-api	crates/api/src/plugins/oauth/providers/twitch.rs	160	6265	-	-
better-auth-api	crates/api/src/plugins/oauth/providers/twitter.rs	131	5153	-	-
better-auth-api	crates/api/src/plugins/oauth/providers/vercel.rs	119	4605	-	-
better-auth-api	crates/api/src/plugins/oauth/providers/vk.rs	117	4583	-	-
better-auth-api	crates/api/src/plugins/oauth/providers/wechat.rs	373	13522	-	-
better-auth-api	crates/api/src/plugins/oauth/providers/zoom.rs	122	4660	-	-
better-auth-api	crates/api/src/plugins/oauth/state.rs	393	14023	-	-
better-auth-api	crates/api/src/plugins/oauth/types.rs	134	4740	-	-
better-auth-api	crates/api/src/plugins/oauth_popup.rs	315	12153	-	-
better-auth-api	crates/api/src/plugins/oauth_proxy.rs	1053	40510	-	-
better-auth-api	crates/api/src/plugins/oauth_token_conversion.rs	182	6527	-	-
better-auth-api	crates/api/src/plugins/one_tap/mod.rs	376	13573	-	-
better-auth-api	crates/api/src/plugins/one_time_token/endpoint.rs	197	8016	-	-
better-auth-api	crates/api/src/plugins/one_time_token/mod.rs	875	30676	520	-
better-auth-api	crates/api/src/plugins/open_api/mod.rs	200	6249	-	-
better-auth-api	crates/api/src/plugins/organization/endpoint.rs	326	12713	-	-
better-auth-api	crates/api/src/plugins/organization/extensions.rs	213	7108	-	-
better-auth-api	crates/api/src/plugins/organization/handlers/extension_common.rs	313	12603	-	-
better-auth-api	crates/api/src/plugins/organization/handlers/invitation.rs	852	30460	-	-
better-auth-api	crates/api/src/plugins/organization/handlers/invitation_acceptance.rs	289	10961	-	-
better-auth-api	crates/api/src/plugins/organization/handlers/member.rs	652	23175	-	-
better-auth-api	crates/api/src/plugins/organization/handlers/member_addition.rs	210	7615	-	-
better-auth-api	crates/api/src/plugins/organization/handlers/mod.rs	171	5577	-	-
better-auth-api	crates/api/src/plugins/organization/handlers/org/mod.rs	1217	41774	1017	-
better-auth-api	crates/api/src/plugins/organization/handlers/org_input.rs	536	17037	-	-
better-auth-api	crates/api/src/plugins/organization/handlers/page.rs	23	765	-	-
better-auth-api	crates/api/src/plugins/organization/handlers/role.rs	410	16199	-	-
better-auth-api	crates/api/src/plugins/organization/handlers/team.rs	724	27228	-	-
better-auth-api	crates/api/src/plugins/organization/handlers/validation.rs	192	6351	-	-
better-auth-api	crates/api/src/plugins/organization/hooks/invitation.rs	249	8370	-	-
better-auth-api	crates/api/src/plugins/organization/hooks/member.rs	126	4705	-	-
better-auth-api	crates/api/src/plugins/organization/hooks/mod.rs	4	120	-	-
better-auth-api	crates/api/src/plugins/organization/hooks/organization.rs	239	8873	-	-
better-auth-api	crates/api/src/plugins/organization/mod.rs	3990	148087	603	-
better-auth-api	crates/api/src/plugins/organization/policy.rs	65	2176	-	-
better-auth-api	crates/api/src/plugins/organization/rbac/mod.rs	266	7647	171	-
better-auth-api	crates/api/src/plugins/organization/types/mod.rs	740	23029	682	-
better-auth-api	crates/api/src/plugins/passkey/authentication.rs	101	3416	-	-
better-auth-api	crates/api/src/plugins/passkey/handlers/authentication_flow.rs	350	13682	-	-
better-auth-api	crates/api/src/plugins/passkey/handlers/management.rs	83	2748	-	-
better-auth-api	crates/api/src/plugins/passkey/handlers/mod.rs	117	4357	-	-
better-auth-api	crates/api/src/plugins/passkey/handlers/registration_flow.rs	527	21816	-	-
better-auth-api	crates/api/src/plugins/passkey/mod.rs	1371	57103	352	-
better-auth-api	crates/api/src/plugins/passkey/raw_none.rs	725	27556	-	-
better-auth-api	crates/api/src/plugins/passkey/registration.rs	114	3907	-	-
better-auth-api	crates/api/src/plugins/passkey/source/attestation.rs	71	2928	-	-
better-auth-api	crates/api/src/plugins/passkey/source/credential.rs	78	2951	-	-
better-auth-api	crates/api/src/plugins/passkey/source/crypto.rs	200	7340	-	-
better-auth-api	crates/api/src/plugins/passkey/source/data.rs	104	3668	-	-
better-auth-api	crates/api/src/plugins/passkey/source/mod.rs	246	9963	12	-
better-auth-api	crates/api/src/plugins/passkey/source/policy.rs	751	28146	-	-
better-auth-api	crates/api/src/plugins/passkey/source/tests.rs	177	7005	-	-
better-auth-api	crates/api/src/plugins/passkey/source/tpm.rs	256	9437	-	-
better-auth-api	crates/api/src/plugins/passkey/tests/revocation.rs	224	9236	-	-
better-auth-api	crates/api/src/plugins/passkey/types.rs	151	5224	-	-
better-auth-api	crates/api/src/plugins/passkey/webauthn.rs	678	24112	-	-
better-auth-api	crates/api/src/plugins/password_management/handlers/mod.rs	434	14695	407	-
better-auth-api	crates/api/src/plugins/password_management/mod.rs	1368	53488	347	-
better-auth-api	crates/api/src/plugins/password_management/set_password.rs	126	4564	-	-
better-auth-api	crates/api/src/plugins/password_management/types.rs	93	3473	-	-
better-auth-api	crates/api/src/plugins/passwordless_numeric.rs	48	1796	-	-
better-auth-api	crates/api/src/plugins/phone_number/handlers.rs	701	26337	-	-
better-auth-api	crates/api/src/plugins/phone_number/mod.rs	1171	40233	173	-
better-auth-api	crates/api/src/plugins/phone_number/types.rs	193	6326	-	-
better-auth-api	crates/api/src/plugins/session_management/mod.rs	1129	43779	578	-
better-auth-api	crates/api/src/plugins/siwe/config.rs	157	4712	-	-
better-auth-api	crates/api/src/plugins/siwe/crypto.rs	125	4544	-	-
better-auth-api	crates/api/src/plugins/siwe/mod.rs	858	31318	456	-
better-auth-api	crates/api/src/plugins/siwe/parse.rs	103	3713	-	-
better-auth-api	crates/api/src/plugins/siwe/validation.rs	201	6871	-	-
better-auth-api	crates/api/src/plugins/token_crypto.rs	210	7706	-	-
better-auth-api	crates/api/src/plugins/two_factor/backup_codes.rs	266	9237	-	-
better-auth-api	crates/api/src/plugins/two_factor/backup_storage.rs	109	3831	-	-
better-auth-api	crates/api/src/plugins/two_factor/challenge.rs	513	17253	-	-
better-auth-api	crates/api/src/plugins/two_factor/codec.rs	59	2239	-	-
better-auth-api	crates/api/src/plugins/two_factor/config.rs	126	5635	-	-
better-auth-api	crates/api/src/plugins/two_factor/cookies.rs	195	7257	-	-
better-auth-api	crates/api/src/plugins/two_factor/endpoint.rs	105	3442	-	-
better-auth-api	crates/api/src/plugins/two_factor/enrollment.rs	311	9871	-	-
better-auth-api	crates/api/src/plugins/two_factor/lockout.rs	85	3033	-	-
better-auth-api	crates/api/src/plugins/two_factor/mod.rs	3196	124692	732	-
better-auth-api	crates/api/src/plugins/two_factor/otp.rs	71	2832	-	-
better-auth-api	crates/api/src/plugins/two_factor/otp_flow.rs	183	6501	-	-
better-auth-api	crates/api/src/plugins/two_factor/otp_storage.rs	86	2868	-	-
better-auth-api	crates/api/src/plugins/two_factor/totp.rs	256	8777	-	-
better-auth-api	crates/api/src/plugins/user_management/handlers.rs	464	16053	-	-
better-auth-api	crates/api/src/plugins/user_management/mod.rs	979	36461	473	-
better-auth-api	crates/api/src/plugins/user_management/types.rs	27	938	-	-
better-auth-api	crates/api/src/plugins/user_management/update.rs	235	8836	-	-
better-auth-cli	crates/cli/src/main.rs	206	7077	149	-
better-auth-cli	crates/cli/src/seaorm.rs	216	7189	-	-
better-auth-cli	crates/cli/src/selection.rs	60	2068	-	-
better-auth-cli	crates/cli/src/sqlx.rs	148	4996	-	-
better-auth-core	crates/core/src/adapter_record.rs	212	7024	-	-
better-auth-core	crates/core/src/authenticated_user.rs	85	3075	-	-
better-auth-core	crates/core/src/background_tasks.rs	60	2588	-	-
better-auth-core	crates/core/src/config/account.rs	101	4394	-	-
better-auth-core	crates/core/src/config/advanced.rs	180	6839	-	-
better-auth-core	crates/core/src/config/client_ip.rs	277	9220	202	-
better-auth-core	crates/core/src/config/identity.rs	67	2389	-	-
better-auth-core	crates/core/src/config/mod.rs	968	38551	576	-
better-auth-core	crates/core/src/config/origin.rs	406	15368	-	-
better-auth-core	crates/core/src/config/secrets.rs	109	3511	-	-
better-auth-core	crates/core/src/config/session.rs	209	7487	-	-
better-auth-core	crates/core/src/email/mod.rs	133	4215	36	-
better-auth-core	crates/core/src/endpoint.rs	847	25405	-	-
better-auth-core	crates/core/src/entity.rs	341	12338	-	-
better-auth-core	crates/core/src/error/codes.rs	637	22349	-	-
better-auth-core	crates/core/src/error/mod.rs	788	29757	447	-
better-auth-core	crates/core/src/error/page.rs	101	3528	-	-
better-auth-core	crates/core/src/field_policy.rs	650	22643	-	-
better-auth-core	crates/core/src/hooks.rs	126	4816	-	-
better-auth-core	crates/core/src/lib.rs	143	4622	51	-
better-auth-core	crates/core/src/middleware/body_limit/mod.rs	155	4686	90	-
better-auth-core	crates/core/src/middleware/cors/mod.rs	336	10058	219	-
better-auth-core	crates/core/src/middleware/csrf/mod.rs	567	20573	6	-
better-auth-core	crates/core/src/middleware/mod.rs	82	2494	-	-
better-auth-core	crates/core/src/middleware/rate_limit/bucket.rs	100	3320	-	-
better-auth-core	crates/core/src/middleware/rate_limit/mod.rs	863	30563	504	-
better-auth-core	crates/core/src/oauth_token_conversion.rs	43	1638	-	-
better-auth-core	crates/core/src/openapi/annotations.rs	88	2934	-	-
better-auth-core	crates/core/src/openapi/input_annotations.rs	79	2626	-	-
better-auth-core	crates/core/src/openapi/metadata.rs	307	10732	-	-
better-auth-core	crates/core/src/openapi/mod.rs	463	17154	389	-
better-auth-core	crates/core/src/plugin/context.rs	796	30692	-	-
better-auth-core	crates/core/src/plugin/contracts.rs	272	9810	-	-
better-auth-core	crates/core/src/plugin/extensions.rs	24	853	-	-
better-auth-core	crates/core/src/plugin/initialization.rs	226	8196	-	-
better-auth-core	crates/core/src/plugin/mod.rs	143	5968	35	-
better-auth-core	crates/core/src/plugin/routes.rs	124	4202	-	-
better-auth-core	crates/core/src/schema.rs	26	1069	-	-
better-auth-core	crates/core/src/session/cookie_cache/date.rs	136	4912	-	-
better-auth-core	crates/core/src/session/cookie_cache/jwt.rs	136	5062	-	-
better-auth-core	crates/core/src/session/cookie_cache/mod.rs	582	19682	-	-
better-auth-core	crates/core/src/session/cookie_cache/runtime/cookies.rs	195	7364	-	-
better-auth-core	crates/core/src/session/cookie_cache/runtime/issuance.rs	310	11176	-	-
better-auth-core	crates/core/src/session/cookie_cache/runtime/mod.rs	197	6585	-	-
better-auth-core	crates/core/src/session/cookie_cache/runtime/read.rs	355	13340	-	-
better-auth-core	crates/core/src/session/mod.rs	875	33170	425	-
better-auth-core	crates/core/src/session/request.rs	113	4266	-	-
better-auth-core	crates/core/src/store/adapter.rs	180	6167	-	-
better-auth-core	crates/core/src/store/contracts/account.rs	97	4042	-	-
better-auth-core	crates/core/src/store/contracts/api_key.rs	65	2965	-	-
better-auth-core	crates/core/src/store/contracts/device.rs	44	1998	-	-
better-auth-core	crates/core/src/store/contracts/hooks.rs	61	2171	-	-
better-auth-core	crates/core/src/store/contracts/mod.rs	29	736	-	-
better-auth-core	crates/core/src/store/contracts/organization.rs	247	10454	-	-
better-auth-core	crates/core/src/store/contracts/passkey.rs	20	943	-	-
better-auth-core	crates/core/src/store/contracts/session.rs	274	10588	-	-
better-auth-core	crates/core/src/store/contracts/transaction.rs	285	11452	-	-
better-auth-core	crates/core/src/store/contracts/two_factor.rs	63	2285	-	-
better-auth-core	crates/core/src/store/contracts/user.rs	202	8233	-	-
better-auth-core	crates/core/src/store/contracts/verification.rs	130	5130	-	-
better-auth-core	crates/core/src/store/database_hooks.rs	308	8773	-	-
better-auth-core	crates/core/src/store/decorated/account.rs	99	3316	-	-
better-auth-core	crates/core/src/store/decorated/extensions.rs	541	18786	-	-
better-auth-core	crates/core/src/store/decorated/mod.rs	233	8469	-	-
better-auth-core	crates/core/src/store/decorated/session.rs	387	14447	-	-
better-auth-core	crates/core/src/store/decorated/transaction.rs	481	18309	-	-
better-auth-core	crates/core/src/store/decorated/user.rs	218	7713	-	-
better-auth-core	crates/core/src/store/decorated/verification.rs	107	3593	-	-
better-auth-core	crates/core/src/store/jwks.rs	21	675	-	-
better-auth-core	crates/core/src/store/migrations.rs	17	642	-	-
better-auth-core	crates/core/src/store/mod.rs	122	3810	-	-
better-auth-core	crates/core/src/store/org_extensions.rs	131	4327	-	-
better-auth-core	crates/core/src/store/secondary_sessions.rs	381	13923	-	-
better-auth-core	crates/core/src/store/secondary_storage/mod.rs	464	15940	402	-
better-auth-core	crates/core/src/store/stateless/accounts.rs	96	3478	-	-
better-auth-core	crates/core/src/store/stateless/api_keys.rs	317	11524	-	-
better-auth-core	crates/core/src/store/stateless/device_codes.rs	142	4109	-	-
better-auth-core	crates/core/src/store/stateless/invitations.rs	167	5620	-	-
better-auth-core	crates/core/src/store/stateless/jwks.rs	31	1050	-	-
better-auth-core	crates/core/src/store/stateless/members.rs	225	7719	-	-
better-auth-core	crates/core/src/store/stateless/mod.rs	101	3381	-	-
better-auth-core	crates/core/src/store/stateless/optional_records.rs	229	7913	-	-
better-auth-core	crates/core/src/store/stateless/organizations.rs	110	3686	-	-
better-auth-core	crates/core/src/store/stateless/roles.rs	117	3887	-	-
better-auth-core	crates/core/src/store/stateless/sessions.rs	118	4264	-	-
better-auth-core	crates/core/src/store/stateless/teams.rs	193	6696	-	-
better-auth-core	crates/core/src/store/stateless/transaction.rs	135	4981	-	-
better-auth-core	crates/core/src/store/stateless/users.rs	227	8401	-	-
better-auth-core	crates/core/src/store/stateless/verifications.rs	285	9520	-	-
better-auth-core	crates/core/src/store/wallets.rs	29	1208	-	-
better-auth-core	crates/core/src/test_store.rs	1361	45786	2	-
better-auth-core	crates/core/src/types/http.rs	517	16777	-	-
better-auth-core	crates/core/src/types/inputs.rs	291	9316	-	-
better-auth-core	crates/core/src/types/mod.rs	323	13358	61	-
better-auth-core	crates/core/src/types/organization.rs	477	13521	-	-
better-auth-core	crates/core/src/types/plugin.rs	584	18213	-	-
better-auth-core	crates/core/src/types/responses.rs	83	2323	-	-
better-auth-core	crates/core/src/user_query.rs	229	6839	-	-
better-auth-core	crates/core/src/user_validation.rs	234	7744	-	-
better-auth-core	crates/core/src/utils/cookie_utils.rs	460	16519	-	-
better-auth-core	crates/core/src/utils/datetime/mod.rs	209	7475	135	-
better-auth-core	crates/core/src/utils/datetime/parse.rs	302	10064	-	-
better-auth-core	crates/core/src/utils/id.rs	12	348	-	-
better-auth-core	crates/core/src/utils/javascript.rs	112	3464	-	-
better-auth-core	crates/core/src/utils/json.rs	732	25609	-	-
better-auth-core	crates/core/src/utils/jwe.rs	247	8995	-	-
better-auth-core	crates/core/src/utils/mod.rs	18	364	-	-
better-auth-core	crates/core/src/utils/password/mod.rs	372	13174	274	-
better-auth-core	crates/core/src/utils/sessions.rs	11	351	-	-
better-auth-core	crates/core/src/utils/username/policy.rs	276	10215	-	-
better-auth-core	crates/core/src/utils/username.rs	83	2297	-	-
better-auth-core	crates/core/src/verification.rs	630	22695	-	-
better-auth-core	crates/core/src/wire/account.rs	95	3281	-	-
better-auth-core	crates/core/src/wire/mod.rs	140	4654	30	-
better-auth-core	crates/core/src/wire/plugins.rs	306	10956	-	-
better-auth-core	crates/core/src/wire/session.rs	159	5190	-	-
better-auth-core	crates/core/src/wire/user.rs	386	13265	-	-
better-auth-core	crates/core/src/wire/verification.rs	51	1543	-	-
better-auth-macros	crates/derive/src/lib.rs	282	8118	-	-
better-auth-entity-codegen	crates/entity-codegen/src/accessors.rs	217	10050	-	-
better-auth-entity-codegen	crates/entity-codegen/src/attributes.rs	123	4092	-	-
better-auth-entity-codegen	crates/entity-codegen/src/fields.rs	118	3850	-	-
better-auth-entity-codegen	crates/entity-codegen/src/lib.rs	39	1399	-	-
better-auth-entity-codegen	crates/entity-codegen/src/secondary.rs	27	1236	-	-
better-auth-entity-codegen	crates/entity-codegen/src/writes.rs	239	9519	-	-
better-auth-schema-registry	crates/schema-registry/src/lib.rs	454	14952	-	-
better-auth-seaorm	crates/seaorm/src/additional_fields.rs	244	9140	-	-
better-auth-seaorm	crates/seaorm/src/conversions.rs	133	4841	-	-
better-auth-seaorm	crates/seaorm/src/hooks.rs	22	939	-	-
better-auth-seaorm	crates/seaorm/src/json_metadata.rs	166	6296	-	-
better-auth-seaorm	crates/seaorm/src/lib.rs	32	729	-	-
better-auth-seaorm	crates/seaorm/src/rate_limit.rs	220	7874	-	-
better-auth-seaorm	crates/seaorm/src/schema.rs	363	11928	-	-
better-auth-seaorm	crates/seaorm/src/store/accounts.rs	194	7433	-	-
better-auth-seaorm	crates/seaorm/src/store/api_key_usage_phases.rs	200	8008	-	-
better-auth-seaorm	crates/seaorm/src/store/api_keys.rs	323	12910	-	-
better-auth-seaorm	crates/seaorm/src/store/bundled_schema.rs	13	416	-	-
better-auth-seaorm	crates/seaorm/src/store/device_codes.rs	146	4968	-	-
better-auth-seaorm	crates/seaorm/src/store/entities/account.rs	27	855	-	-
better-auth-seaorm	crates/seaorm/src/store/entities/api_key.rs	36	1163	-	-
better-auth-seaorm	crates/seaorm/src/store/entities/api_key_start.rs	90	2699	-	-
better-auth-seaorm	crates/seaorm/src/store/entities/device_code.rs	22	643	-	-
better-auth-seaorm	crates/seaorm/src/store/entities/invitation.rs	21	575	-	-
better-auth-seaorm	crates/seaorm/src/store/entities/jwk.rs	29	883	-	-
better-auth-seaorm	crates/seaorm/src/store/entities/member.rs	17	455	-	-
better-auth-seaorm	crates/seaorm/src/store/entities/mod.rs	19	392	-	-
better-auth-seaorm	crates/seaorm/src/store/entities/organization.rs	20	568	-	-
better-auth-seaorm	crates/seaorm/src/store/entities/organization_role.rs	29	961	-	-
better-auth-seaorm	crates/seaorm/src/store/entities/passkey.rs	25	696	-	-
better-auth-seaorm	crates/seaorm/src/store/entities/session.rs	26	811	-	-
better-auth-seaorm	crates/seaorm/src/store/entities/team.rs	29	888	-	-
better-auth-seaorm	crates/seaorm/src/store/entities/team_member.rs	27	809	-	-
better-auth-seaorm	crates/seaorm/src/store/entities/two_factor.rs	21	610	-	-
better-auth-seaorm	crates/seaorm/src/store/entities/user.rs	33	1076	-	-
better-auth-seaorm	crates/seaorm/src/store/entities/verification.rs	20	582	-	-
better-auth-seaorm	crates/seaorm/src/store/entities/wallet_address.rs	133	4473	-	-
better-auth-seaorm	crates/seaorm/src/store/invitations/mod.rs	385	15027	-	-
better-auth-seaorm	crates/seaorm/src/store/jwks/mod.rs	70	2467	-	-
better-auth-seaorm	crates/seaorm/src/store/members/mod.rs	365	13172	-	-
better-auth-seaorm	crates/seaorm/src/store/migrator/mod.rs	858	31037	778	-
better-auth-seaorm	crates/seaorm/src/store/mod.rs	452	14303	-	-
better-auth-seaorm	crates/seaorm/src/store/oauth_token_conversion.rs	82	3210	-	-
better-auth-seaorm	crates/seaorm/src/store/organization_roles.rs	145	5339	-	-
better-auth-seaorm	crates/seaorm/src/store/organizations.rs	247	8927	-	-
better-auth-seaorm	crates/seaorm/src/store/passkeys.rs	137	4644	-	-
better-auth-seaorm	crates/seaorm/src/store/sessions/mod.rs	653	24647	-	-
better-auth-seaorm	crates/seaorm/src/store/teams.rs	406	15372	-	-
better-auth-seaorm	crates/seaorm/src/store/two_factor.rs	244	8965	-	-
better-auth-seaorm	crates/seaorm/src/store/users.rs	746	30829	-	-
better-auth-seaorm	crates/seaorm/src/store/verifications.rs	640	25085	-	-
better-auth-seaorm	crates/seaorm/src/store/wallets.rs	97	3400	-	-
better-auth-seaorm-macros	crates/seaorm-macros/src/entities.rs	397	15781	-	-
better-auth-seaorm-macros	crates/seaorm-macros/src/fields.rs	67	2406	-	-
better-auth-seaorm-macros	crates/seaorm-macros/src/lib.rs	97	3664	-	-
better-auth-seaorm-macros	crates/seaorm-macros/src/roots.rs	50	1830	-	-
better-auth-sqlx	crates/sqlx/src/additional_fields.rs	104	4075	-	-
better-auth-sqlx	crates/sqlx/src/error.rs	30	1076	-	-
better-auth-sqlx	crates/sqlx/src/hooks.rs	22	893	-	-
better-auth-sqlx	crates/sqlx/src/json_metadata.rs	175	5998	-	-
better-auth-sqlx	crates/sqlx/src/lib.rs	44	1087	-	-
better-auth-sqlx	crates/sqlx/src/model.rs	335	11281	-	-
better-auth-sqlx	crates/sqlx/src/pool.rs	402	14391	-	-
better-auth-sqlx	crates/sqlx/src/rate_limit.rs	143	5816	-	-
better-auth-sqlx	crates/sqlx/src/schema.rs	304	9979	-	-
better-auth-sqlx	crates/sqlx/src/sql.rs	256	8136	221	-
better-auth-sqlx	crates/sqlx/src/store/accounts.rs	218	8017	-	-
better-auth-sqlx	crates/sqlx/src/store/api_key_usage_phases.rs	246	9601	-	-
better-auth-sqlx	crates/sqlx/src/store/api_keys.rs	333	13534	-	-
better-auth-sqlx	crates/sqlx/src/store/bundled_schema.rs	13	416	-	-
better-auth-sqlx	crates/sqlx/src/store/device_codes.rs	176	5993	-	-
better-auth-sqlx	crates/sqlx/src/store/entities/account.rs	20	664	-	-
better-auth-sqlx	crates/sqlx/src/store/entities/api_key.rs	63	2298	-	-
better-auth-sqlx	crates/sqlx/src/store/entities/api_key_start.rs	107	3302	-	-
better-auth-sqlx	crates/sqlx/src/store/entities/device_code.rs	33	1052	-	-
better-auth-sqlx	crates/sqlx/src/store/entities/invitation.rs	31	964	-	-
better-auth-sqlx	crates/sqlx/src/store/entities/jwk.rs	27	718	-	-
better-auth-sqlx	crates/sqlx/src/store/entities/member.rs	23	622	-	-
better-auth-sqlx	crates/sqlx/src/store/entities/mod.rs	19	383	-	-
better-auth-sqlx	crates/sqlx/src/store/entities/organization.rs	28	841	-	-
better-auth-sqlx	crates/sqlx/src/store/entities/organization_role.rs	26	795	-	-
better-auth-sqlx	crates/sqlx/src/store/entities/passkey.rs	39	1259	-	-
better-auth-sqlx	crates/sqlx/src/store/entities/session.rs	19	618	-	-
better-auth-sqlx	crates/sqlx/src/store/entities/team.rs	25	688	-	-
better-auth-sqlx	crates/sqlx/src/store/entities/team_member.rs	23	618	-	-
better-auth-sqlx	crates/sqlx/src/store/entities/two_factor.rs	31	980	-	-
better-auth-sqlx	crates/sqlx/src/store/entities/user.rs	26	883	-	-
better-auth-sqlx	crates/sqlx/src/store/entities/verification.rs	13	389	-	-
better-auth-sqlx	crates/sqlx/src/store/entities/wallet_address.rs	142	5170	-	-
better-auth-sqlx	crates/sqlx/src/store/invitations.rs	434	16239	-	-
better-auth-sqlx	crates/sqlx/src/store/jwks.rs	57	2034	-	-
better-auth-sqlx	crates/sqlx/src/store/members.rs	390	13408	-	-
better-auth-sqlx	crates/sqlx/src/store/migrator.rs	109	4082	-	-
better-auth-sqlx	crates/sqlx/src/store/mod.rs	457	14172	-	-
better-auth-sqlx	crates/sqlx/src/store/oauth_token_conversion.rs	98	3264	-	-
better-auth-sqlx	crates/sqlx/src/store/organization_roles.rs	162	5887	-	-
better-auth-sqlx	crates/sqlx/src/store/organizations.rs	250	8799	-	-
better-auth-sqlx	crates/sqlx/src/store/passkeys.rs	139	4830	-	-
better-auth-sqlx	crates/sqlx/src/store/sessions.rs	678	25219	-	-
better-auth-sqlx	crates/sqlx/src/store/teams.rs	451	17190	-	-
better-auth-sqlx	crates/sqlx/src/store/two_factor.rs	274	9497	-	-
better-auth-sqlx	crates/sqlx/src/store/users.rs	678	26246	-	-
better-auth-sqlx	crates/sqlx/src/store/verifications.rs	685	25057	-	-
better-auth-sqlx	crates/sqlx/src/store/wallets.rs	85	3202	-	-
better-auth-sqlx	crates/sqlx/src/value.rs	274	8121	-	-
better-auth-sqlx-macros	crates/sqlx-macros/src/columns.rs	189	6583	-	-
better-auth-sqlx-macros	crates/sqlx-macros/src/entities.rs	376	15383	-	-
better-auth-sqlx-macros	crates/sqlx-macros/src/lib.rs	139	5605	-	-
better-auth-sqlx-macros	crates/sqlx-macros/src/model.rs	123	5227	-	-
better-auth-sqlx-macros	crates/sqlx-macros/src/roots.rs	55	1872	-	-
